PROJECTID;VALUE;ASSIGNEE;IS_DERIVED;POST_CODE1;PRODUCT;AUGRU;DISCIPLINE;ZZBESTURINGSTYPE
101000213573;PD236092;504461;;3811 HS;combi_laagbouw_groen;KA1;E+G;PROCES
101000056202;PD075114;504461;;3832 CT;combi_laagbouw_groen;KA1;E;PROCES
101000081767;PD101535;504461;;3645 BD;combi_laagbouw_groen;KA1;E+G;PROCES
101000083025;PD102785;504461;;3645 TD;combi_laagbouw_groen;KA1;E;PROCES
101000093386;PD113397;504461;;3833 GL;combi_laagbouw_groen;KA1;E+G;PROCES
101000099926;PD119860;504461;;3648 CS;verplaatsen_laagbouw_oranje;KA1;E+G;PROCES
101000103392;PD123440;504461;;3645 ES;combi_laagbouw_groen;KA1;E+G;PROCES
101000103599;PD123665;504461;;3826 GA;combi_laagbouw_groen;KA1;E;PROCES
101000103891;PD123855;504461;;1231 KT;combi_laagbouw_oranje;KA1;E;PROCES
101000110910;PD131160;504461;;3819 AA;combi_laagbouw_groen;KA1;E;PROCES
101000112591;PD132857;504461;;3769 DN;combi_laagbouw_groen;KA1;E;PROCES
101000113003;PD133134;504461;;3769 DN;combi_laagbouw_groen;KA1;E;PROCES
101000114297;PD134618;504461;;3431 HA;combi_laagbouw_groen;KA1;E;PROCES
101000116286;PD136761;504461;;1426 AC;combi_laagbouw_groen;KA1;E;PROCES
101000116352;PD136861;504461;;3415 PR;combi_laagbouw_groen;KA1;E+G;PROCES
101000124487;PD145467;504461;;3761 CM;combi_laagbouw_groen;KA1;E+G;PROCES
101000128466;PD149490;504461;;3826 GA;combi_laagbouw_groen;KA1;E;PROCES
101000131554;PD152623;504461;;3402 PG;combi_laagbouw_groen;KA1;E;PROCES
101000132115;PD153079;504461;;3421 LA;combi_laagbouw_groen;KA1;E;PROCES
101000135181;PD156217;504461;;3461 GA;combi_laagbouw_groen;KA1;G;PROCES
101000135404;PD156304;504461;;3431 JB;combi_laagbouw_oranje;KA1;E;PROCES
101000137469;PD158410;504461;;1231 LG;combi_laagbouw_oranje;KA1;E;PROCES
101000139337;PD160300;504461;;3474 KX;combi_laagbouw_groen;KA1;E;PROCES
101000140211;PD161092;504461;;3402 CE;combi_laagbouw_groen;KA1;E;PROCES
101000141665;PD162598;504461;;3471 BS;combi_laagbouw_groen;KA1;E;PROCES
101000143305;PD163988;504461;;3741 AT;combi_laagbouw_groen;KA1;E+G;PROCES
101000143725;PD164328;504461;;3412 KL;combi_laagbouw_oranje;KA1;E+G;PROCES
101000144091;PD164692;504461;;3812 BD;combi_laagbouw_groen;KA1;E+G;PROCES
101000145140;PD165817;504461;;3417 MN;combi_laagbouw_groen;KA1;E+G;PROCES
101000145382;PD166108;504461;;3751 AR;combi_laagbouw_groen;KA1;E+G;PROCES
101000145596;PD166356;504461;;3403 NJ;combi_laagbouw_groen;KA1;E;PROCES
101000146313;PD167049;504461;;3404 VD;combi_laagbouw_groen;KA1;E+G;PROCES
101000146325;PD167070;504461;;3652 LR;aanleg_laagbouw_oranje;KA1;E;PROCES
101000146339;PD167101;504461;;3474 KK;combi_laagbouw_oranje;KA1;E+G;PROCES
101000146382;PD167176;504461;;3833 AZ;combi_laagbouw_groen;KA1;E;PROCES
101000147022;PD167888;504461;;3474 JD;combi_laagbouw_oranje;KA1;E+G;PROCES
101000147135;PD167932;504461;;3641 ZK;combi_laagbouw_groen;KA1;E;PROCES
101000148796;PD169816;504461;;3645 TE;combi_laagbouw_groen;KA1;G;PROCES
101000149176;PD170191;504461;;3417 GJ;combi_laagbouw_groen;KA1;E;PROCES
101000149193;PD170233;504461;;3754 NC;combi_laagbouw_groen;KA1;E;PROCES
101000149251;PD170321;504461;;3601 CC;combi_laagbouw_groen;KA1;E+G;PROCES
101000150023;PD170976;504461;;3401 RM;combi_laagbouw_groen;KA1;E;PROCES
101000150251;PD171345;504461;;3641 HD;combi_laagbouw_groen;KA1;G;PROCES
101000150591;PD171718;504461;;3411 JH;combi_laagbouw_groen;KA1;E;PROCES
101000150972;PD172141;504461;;3645 TC;combi_laagbouw_groen;KA1;E+G;PROCES
101000152158;PD173198;504461;;3481 LT;combi_laagbouw_groen;KA1;E+G;PROCES
101000152693;PD173911;504461;;3412 KB;combi_laagbouw_oranje;KA1;E+G;PROCES
101000152867;PD174071;504461;;3766 VD;combi_laagbouw_groen;KA1;E;PROCES
101000153651;PD174825;504461;;3433 ZP;combi_laagbouw_groen;KA1;E;PROCES
101000154460;PD175666;504461;;3411 JW;combi_laagbouw_groen;KA1;E;PROCES
101000154562;PD175775;504461;;3645 CK;combi_laagbouw_groen;KA1;E;PROCES
101000154599;PD175894;504461;;3826 DJ;combi_laagbouw_groen;KA1;E;PROCES
101000155066;PD176314;504461;;3446 JZ;combi_laagbouw_groen;KA1;E;PROCES
101000155473;PD176757;504461;;1391 CZ;combi_laagbouw_groen;KA1;E+G;PROCES
101000155665;PD176721;504461;;3439 JE;combi_laagbouw_groen;KA1;E;PROCES
101000155701;PD176796;504461;;3433 NL;combi_laagbouw_groen;KA1;E+G;PROCES
101000156313;PD177380;504461;;3439 MJ;combi_laagbouw_oranje;KA1;E;PROCES
101000156363;PD177528;504461;;3751 LX;combi_laagbouw_groen;KA1;E;PROCES
101000156459;PD177711;504461;;3417 BK;combi_laagbouw_groen;KA1;E;PROCES
101000157101;PD178288;504461;;3826 JH;combi_laagbouw_groen;KA1;E;PROCES
101000157177;PD178476;504461;;3764 CT;combi_laagbouw_groen;KA1;E+G;PROCES
101000157483;PD178747;504461;;1231 CP;combi_laagbouw_groen;KA1;E;PROCES
101000157681;PD178993;504461;;3766 EC;combi_laagbouw_groen;KA1;E;PROCES
101000158305;PD179590;504461;;3439 RC;combi_laagbouw_groen;KA1;E;PROCES
101000158534;PD179917;504461;;3751 DG;combi_laagbouw_groen;KA1;E;PROCES
101000158575;PD180125;504461;;3769 BV;combi_laagbouw_groen;KA1;E;PROCES
101000158576;PD180126;504461;;3769 BV;combi_laagbouw_groen;KA1;E;PROCES
101000158706;PD179875;504461;;3743 BB;combi_laagbouw_oranje;KA1;E;PROCES
101000159263;PD180511;504461;;1391 HA;combi_laagbouw_groen;KA1;E;PROCES
101000159297;PD180598;504461;;3446 GR;combi_laagbouw_groen;KA1;E;PROCES
101000159432;PD180714;504461;;3433 ZX;combi_laagbouw_groen;KA1;E;PROCES
101000159641;PD180974;504461;;3833 GN;combi_laagbouw_oranje;KA1;E;PROCES
101000160521;PD181712;504461;;3445 BB;combi_laagbouw_oranje;KA1;E;PROCES
101000161304;PD182305;504461;;3826 PG;combi_laagbouw_oranje;KA1;E;PROCES
101000162321;PD183503;504461;;3438 AS;combi_laagbouw_groen;KA1;E;PROCES
101000162706;PD183931;504461;;3751 KA;combi_laagbouw_groen;KA1;E;PROCES
101000162779;PD184139;504461;;3648 HE;combi_laagbouw_oranje;KA1;E;PROCES
101000163476;PD184834;504461;;3433 CC;combi_laagbouw_groen;KA1;E;PROCES
101000163515;PD184800;504461;;3433 CD;combi_rood;KA1;E+G;PROCES
101000164167;PD185403;504461;;3603 BM;combi_laagbouw_groen;KA1;E;PROCES
101000164171;PD185410;504461;;3603 BP;combi_laagbouw_groen;KA1;E;PROCES
101000164204;PD185258;504461;;3762 EA;combi_laagbouw_groen;KA1;G;PROCES
101000165361;PD186179;504461;;3441 BH;combi_laagbouw_groen;KA1;E;PROCES
101000165363;PD186181;504461;;3441 BT;combi_laagbouw_groen;KA1;E;PROCES
101000165854;PD186696;504461;;1231 LT;combi_laagbouw_groen;KA1;E;PROCES
101000166315;PD187154;504461;;3433 EE;combi_laagbouw_groen;KA1;E;PROCES
101000166933;PD187832;504461;;3813 HD;combi_laagbouw_groen;KA1;E+G;PROCES
101000167364;PD188279;504461;;3764 CJ;combi_laagbouw_groen;KA1;E;PROCES
101000167368;PD188304;504461;;3621 VC;combi_laagbouw_groen;KA1;E+G;PROCES
101000167822;PD188759;504461;;1231 NL;combi_laagbouw_groen;KA1;E;PROCES
101000168063;PD188946;504461;;3825 LR;combi_laagbouw_groen;KA1;E;PROCES
101000168284;PD189322;504461;;3425 TC;combi_laagbouw_groen;KA1;E+G;PROCES
101000168721;PD189699;504461;;3411 WT;combi_laagbouw_groen;KA1;E;PROCES
101000169023;PD190023;504461;;3417 GJ;combi_laagbouw_groen;KA1;E;PROCES
101000169385;PD190610;504461;;3432 GN;combi_laagbouw_groen;KA1;E;PROCES
101000169439;PD190430;504461;;3824 MJ;combi_laagbouw_groen;KA1;E;PROCES
101000169483;PD190581;504461;;3628 AJ;combi_laagbouw_groen;KA1;E;PROCES
101000169743;PD190769;504461;;3621 CR;combi_laagbouw_groen;KA1;E;PROCES
101000170179;PD191312;504461;;3439 RC;combi_laagbouw_groen;KA1;E;PROCES
101000170504;PD191625;504461;;3439 JD;combi_laagbouw_groen;KA1;E;PROCES
101000170822;PD192021;504461;;3631 AJ;combi_laagbouw_groen;KA1;E;PROCES
101000170824;PD192027;504461;;3631 AD;combi_laagbouw_groen;KA1;E;PROCES
101000170941;PD192095;504461;;3411 AC;combi_laagbouw_groen;KA1;E;PROCES
101000170947;PD192115;504461;;3411 AJ;combi_laagbouw_groen;KA1;E+G;PROCES
101000171133;PD192372;504461;;3401 NS;combi_laagbouw_oranje;KA1;E;PROCES
101000171313;PD192429;504461;;3741 BD;combi_laagbouw_groen;KA1;E+G;PROCES
101000171357;PD192583;504461;;3645 EG;combi_laagbouw_groen;KA1;E;PROCES
101000171603;PD192727;504461;;3812 EA;combi_laagbouw_groen;KA1;E;PROCES
101000171621;PD192777;504461;;3412 KB;combi_laagbouw_groen;KA1;E;PROCES
101000172134;PD193413;504461;;3817 KD;combi_laagbouw_groen;KA1;E;PROCES
101000172390;PD193862;504461;;3833 AG;combi_laagbouw_groen;KA1;E;PROCES
101000172415;PD193684;504461;;3411 EG;combi_laagbouw_groen;KA1;E;PROCES
101000172489;PD193904;504461;;3791 RJ;combi_laagbouw_oranje;KA1;E;PROCES
101000173074;PD194425;504461;;3766 AS;combi_laagbouw_groen;KA1;E;PROCES
101000173200;PD194512;504461;;3742 CA;combi_laagbouw_groen;KA1;E+G;PROCES
101000173462;PD194829;504461;;3607 CK;combi_laagbouw_groen;KA1;E+G;PROCES
101000173478;PD194880;504461;;1231 KA;combi_laagbouw_groen;KA1;E;PROCES
101000173567;PD195138;504461;;3818 EX;combi_laagbouw_groen;KA1;E;PROCES
101000173596;PD195217;504461;;3437 PK;combi_laagbouw_groen;KA1;E;PROCES
101000173883;PD195533;504461;;3755 AX;combi_laagbouw_groen;KA1;E;PROCES
101000173916;PD195283;504461;;3431 JH;combi_laagbouw_groen;KA1;E;PROCES
101000173997;PD195565;504461;;3446 GA;combi_laagbouw_groen;KA1;E;PROCES
101000174194;PD195884;504461;;3813 AH;combi_laagbouw_groen;KA1;E+G;PROCES
101000174262;PD195741;504461;;3402 BL;combi_laagbouw_groen;KA1;E;PROCES
101000174848;PD196412;504461;;3826 JD;combi_laagbouw_groen;KA1;E;PROCES
101000175100;PD196574;504461;;3769 KJ;combi_laagbouw_groen;KA1;E;PROCES
101000175182;PD196864;504461;;3833 GT;combi_laagbouw_groen;KA1;E;PROCES
101000175306;PD196866;504461;;3833 GT;combi_laagbouw_groen;KA1;E+G;PROCES
101000175345;PD196978;504461;;3421 LA;combi_laagbouw_groen;KA1;E;PROCES
101000175559;PD197134;504461;;3791 VZ;combi_laagbouw_groen;KA1;E;PROCES
101000175680;PD197414;504461;;3412 KV;combi_laagbouw_groen;KA1;E;PROCES
101000175686;PD197431;504461;;3412 KV;combi_laagbouw_groen;KA1;E;PROCES
101000175812;PD197316;504461;;3762 DX;combi_laagbouw_groen;KA1;E;PROCES
101000175850;PD197448;504461;;3811 KC;combi_laagbouw_groen;KA1;E;PROCES
101000176247;PD197907;504461;;3632 EP;combi_laagbouw_groen;KA1;E+G;PROCES
101000176262;PD197958;504461;;3755 PA;combi_laagbouw_groen;KA1;E;PROCES
101000176456;PD198108;504461;;3826 JC;combi_laagbouw_groen;KA1;E;PROCES
101000176639;PD198287;504461;;3817 KJ;combi_laagbouw_groen;KA1;E;PROCES
101000176671;PD198388;504461;;3817 KV;combi_laagbouw_groen;KA1;E;PROCES
101000176706;PD198308;504461;;3741 GN;combi_laagbouw_groen;KA1;E;PROCES
101000176756;PD198451;504461;;3826 KK;combi_laagbouw_groen;KA1;E;PROCES
101000176844;PD198511;504461;;3451 GA;combi_laagbouw_groen;KA1;E;PROCES
101000176903;PD198495;504461;;3645 AW;combi_laagbouw_groen;KA1;E+G;PROCES
101000177144;PD198859;504461;;3442 CA;combi_laagbouw_groen;KA1;E;PROCES
101000177462;PD199205;504461;;3832 GE;combi_laagbouw_groen;KA1;E;PROCES
101000177784;PD199600;504461;;3461 AH;combi_laagbouw_groen;KA1;E;PROCES
101000178084;PD199911;504461;;3631 NA;combi_laagbouw_groen;KA1;E;PROCES
101000178135;PD199868;504461;;3633 XX;combi_laagbouw_groen;KA1;E;PROCES
101000178502;PD200207;504461;;3602 AT;combi_laagbouw_groen;KA1;E;PROCES
101000178649;PD200541;504461;;3832 RX;combi_laagbouw_groen;KA1;E;PROCES
101000179292;PD201191;504461;;3768 EB;combi_laagbouw_groen;KA1;E;PROCES
101000179492;PD201225;504461;;3831 EX;combi_laagbouw_groen;KA1;E;PROCES
101000179526;PD201310;504461;;3766 LV;combi_laagbouw_groen;KA1;E;PROCES
101000179779;PD201539;504461;;3825 AK;combi_laagbouw_groen;KA1;E;PROCES
101000179813;PD201531;504461;;3628 BS;combi_laagbouw_groen;KA1;E;PROCES
101000179881;PD201771;504461;;3405 AH;combi_laagbouw_groen;KA1;E+G;PROCES
101000180004;PD201613;504461;;3833 AZ;combi_laagbouw_groen;KA1;E;PROCES
101000180379;PD202196;504461;;3436 ZJ;combi_laagbouw_groen;KA1;E+G;PROCES
101000180382;PD202204;504461;;3817 AK;combi_laagbouw_groen;KA1;E;PROCES
101000180415;PD202197;504461;;3645 AV;combi_laagbouw_groen;KA1;E+G;PROCES
101000180440;PD202261;504461;;3791 AB;combi_laagbouw_groen;KA1;E+G;PROCES
101000180545;PD202335;504461;;3437 PK;combi_laagbouw_groen;KA1;E;PROCES
101000180786;PD202757;504461;;3817 KJ;combi_laagbouw_groen;KA1;E;PROCES
101000180837;PD202615;504461;;3471 GR;combi_laagbouw_groen;KA1;E;PROCES
101000180851;PD202656;504461;;3402 ZM;combi_laagbouw_groen;KA1;E;PROCES
101000180855;PD202664;504461;;3402 ZM;combi_laagbouw_groen;KA1;E;PROCES
101000180857;PD202669;504461;;3402 ZS;combi_laagbouw_groen;KA1;E;PROCES
101000180946;PD202738;504461;;1231 LB;combi_laagbouw_groen;KA1;E;PROCES
101000181005;PD202814;504461;;3437 PH;combi_laagbouw_groen;KA1;E;PROCES
101000181082;PD203094;504461;;3621 AE;combi_laagbouw_groen;KA1;E+G;PROCES
101000182014;PD203854;504461;;3762 EK;combi_laagbouw_groen;KA1;E+G;PROCES
101000182039;PD203932;504461;;3401 PX;combi_laagbouw_groen;KA1;E;PROCES
101000182142;PD203994;504461;;3752 AE;combi_laagbouw_groen;KA1;E;PROCES
101000182175;PD204124;504461;;1231 LD;combi_laagbouw_groen;KA1;E;PROCES
101000182239;PD204222;504461;;3451 ML;combi_laagbouw_groen;KA1;E;PROCES
101000182258;PD204298;504461;;3405 NJ;combi_laagbouw_groen;KA1;E;PROCES
101000182355;PD204370;504461;;3612 NB;combi_laagbouw_groen;KA1;E+G;PROCES
101000182542;PD204634;504461;;3437 BE;combi_laagbouw_groen;KA1;E;PROCES
101000182725;PD204617;504461;;1391 BJ;combi_laagbouw_groen;KA1;E;PROCES
101000182926;PD204776;504461;;3481 GH;combi_laagbouw_groen;KA1;E+G;PROCES
101000183132;PD205103;504461;;3433 KW;combi_laagbouw_groen;KA1;E;PROCES
101000183256;PD205197;504461;;3811 EP;combi_laagbouw_oranje;KA1;E+G;PROCES
101000183806;PD205667;504461;;3749 AL;combi_laagbouw_groen;KA1;E+G;PROCES
101000183808;PD205670;504461;;3749 AL;combi_laagbouw_groen;KA1;G;PROCES
101000183853;PD205803;504461;;3752 DS;combi_laagbouw_groen;KA1;E;PROCES
101000183901;PD205668;504461;;3749 AL;combi_laagbouw_groen;KA1;E;PROCES
101000184186;PD206234;504461;;3621 BM;combi_laagbouw_groen;KA1;E;PROCES
101000184191;PD206247;504461;;3451 ML;combi_laagbouw_groen;KA1;E;PROCES
101000184261;PD206161;504461;;3471 BS;combi_laagbouw_groen;KA1;E+G;PROCES
101000184411;PD206292;504461;;3815 AG;combi_laagbouw_groen;KA1;E;PROCES
101000184501;PD206285;504461;;3815 AG;combi_laagbouw_oranje;KA1;E;PROCES
101000184522;PD206349;504461;;3833 AN;combi_laagbouw_oranje;KA1;E;PROCES
101000184843;PD206746;504461;;3817 BZ;combi_laagbouw_groen;KA1;E+G;PROCES
101000184943;PD206969;504461;;3741 GK;combi_laagbouw_groen;KA1;E;PROCES
101000185068;PD207044;504461;;3743 BH;combi_laagbouw_groen;KA1;E+G;PROCES
101000185123;PD206925;504461;;3421 TJ;combi_laagbouw_groen;KA1;E;PROCES
101000185188;PD207133;504461;;3744 MK;combi_laagbouw_groen;KA1;E+G;PROCES
101000185397;PD207455;504461;;3742 WH;combi_laagbouw_groen;KA1;E+G;PROCES
101000185987;PD208056;504461;;3431 SB;combi_laagbouw_groen;KA1;E;PROCES
101000186420;PD208216;504461;;3417 GL;combi_laagbouw_groen;KA1;E;PROCES
101000186681;PD208489;504461;;3813 AA;combi_laagbouw_groen;KA1;E;PROCES
101000186776;PD208720;504461;;3628 AZ;combi_laagbouw_groen;KA1;E;PROCES
101000186972;PD208761;504461;;3421 CE;combi_laagbouw_groen;KA1;E+G;PROCES
101000187143;PD209024;504461;;3825 AP;combi_laagbouw_groen;KA1;E;PROCES
101000187591;PD209482;504461;;3438 LC;combi_laagbouw_groen;KA1;E;PROCES
101000187688;PD209480;504461;;3438 LC;combi_laagbouw_groen;KA1;E;PROCES
101000187689;PD209481;504461;;3438 LC;combi_laagbouw_groen;KA1;E;PROCES
101000187803;PD209477;504461;;3438 LC;combi_laagbouw_groen;KA1;E;PROCES
101000187895;PD209767;504461;;3417 MP;combi_laagbouw_groen;KA1;E;PROCES
101000187905;PD209516;504461;;3451 GL;combi_laagbouw_oranje;KA1;E;PROCES
101000187991;PD209788;504461;;3433 NK;combi_laagbouw_groen;KA1;E;PROCES
101000188071;PD209702;504461;;3401 BP;combi_laagbouw_groen;KA1;E+G;PROCES
101000188149;PD209911;504461;;3743 GD;combi_laagbouw_oranje;KA1;G;PROCES
101000188529;PD210242;504461;;3461 AG;combi_laagbouw_groen;KA1;E+G;PROCES
101000188581;PD210442;504461;;3417 MR;combi_laagbouw_groen;KA1;E;PROCES
101000188667;PD210353;504461;;3645 AB;combi_laagbouw_groen;KA1;E;PROCES
101000188716;PD210428;504461;;3752 GW;combi_laagbouw_oranje;KA1;E+G;PROCES
101000188880;PD210706;504461;;3815 KM;combi_laagbouw_groen;KA1;E+G;PROCES
101000188939;PD210616;504461;;3826 JJ;combi_laagbouw_oranje;KA1;E;PROCES
101000189559;PD211387;504461;;3641 RT;combi_laagbouw_groen;KA1;E+G;PROCES
101000189576;PD211429;504461;;3412 KM;combi_laagbouw_groen;KA1;E;PROCES
101000189616;PD211378;504461;;3401 NA;combi_laagbouw_groen;KA1;E;PROCES
101000189738;PD211557;504461;;1391 LM;combi_laagbouw_groen;KA1;E;PROCES
101000189750;PD211606;504461;;3439 ME;combi_laagbouw_groen;KA1;E+G;PROCES
101000190288;PD212310;504461;;3402 PH;combi_laagbouw_groen;KA1;E;PROCES
101000190513;PD212406;504461;;3437 PK;combi_laagbouw_groen;KA1;E;PROCES
101000190584;PD212660;504461;;3445 DA;combi_laagbouw_groen;KA1;E+G;PROCES
101000190617;PD212409;504461;;3811 NN;combi_laagbouw_groen;KA1;E+G;PROCES
101000190931;PD212785;504461;;3755 BB;combi_laagbouw_groen;KA1;E+G;PROCES
101000191008;PD212789;504461;;3755 BB;combi_laagbouw_groen;KA1;E+G;PROCES
101000191010;PD212793;504461;;3755 BB;combi_laagbouw_groen;KA1;E+G;PROCES
101000191052;PD212925;504461;;3755 BB;combi_laagbouw_groen;KA1;E;PROCES
101000191156;PD213189;504461;;3755 EZ;combi_laagbouw_groen;KA1;E;PROCES
101000191250;PD213180;504461;;3645 EB;combi_laagbouw_groen;KA1;E+G;PROCES
101000191322;PD213144;504461;;3831 JW;combi_laagbouw_groen;KA1;E+G;PROCES
101000191754;PD213725;504461;;3791 AP;combi_laagbouw_groen;KA1;E;PROCES
101000191766;PD213782;504461;;3743 KN;combi_laagbouw_groen;KA1;E;PROCES
101000191838;PD213677;504461;;3645 AT;combi_laagbouw_groen;KA1;E+G;PROCES
101000191944;PD213754;504461;;3401 NT;combi_laagbouw_groen;KA1;E;PROCES
101000192131;PD213985;504461;;3762 DE;combi_laagbouw_groen;KA1;E+G;PROCES
101000192210;PD213961;504461;;3812 RX;combi_laagbouw_groen;KA1;G;PROCES
101000192246;PD214085;504461;;3621 LR;combi_laagbouw_groen;KA1;E+G;PROCES
101000192275;PD214191;504461;;3441 GA;combi_laagbouw_groen;KA1;E;PROCES
101000192599;PD214593;504461;;3401 RD;combi_laagbouw_groen;KA1;E;PROCES
101000192772;PD214803;504461;;3832 GH;combi_laagbouw_groen;KA1;E;PROCES
101000192814;PD214645;504461;;3437 PH;combi_laagbouw_groen;KA1;E;PROCES
101000192826;PD214670;504461;;1427 BD;combi_laagbouw_groen;KA1;E;PROCES
101000193273;PD215366;504461;;3791 PS;combi_laagbouw_groen;KA1;E;PROCES
101000193442;PD215351;504461;;3742 AA;combi_laagbouw_groen;KA1;E;PROCES
101000193445;PD215373;504461;;3601 GH;combi_laagbouw_groen;KA1;E+G;PROCES
101000193446;PD215375;504461;;3741 CP;combi_laagbouw_oranje;KA1;E;PROCES
101000193671;PD215696;504461;;3811 BK;combi_laagbouw_groen;KA1;E+G;PROCES
101000193701;PD215591;504461;;3761 HA;combi_laagbouw_oranje;KA1;E;PROCES
101000193751;PD215744;504461;;3446 GL;combi_laagbouw_groen;KA1;E;PROCES
101000194022;PD215967;504461;;3481 VK;combi_laagbouw_groen;KA1;E;PROCES
101000194135;PD216179;504461;;3813 AJ;combi_laagbouw_groen;KA1;E+G;PROCES
101000194179;PD216302;504461;;3621 LZ;combi_laagbouw_groen;KA1;E;PROCES
101000194321;PD216325;504461;;3817 AE;combi_laagbouw_groen;KA1;E;PROCES
101000194444;PD216523;504461;;3791 VA;combi_laagbouw_groen;KA1;E;PROCES
101000194489;PD216648;504461;;3825 AP;combi_laagbouw_groen;KA1;E;PROCES
101000194614;PD216611;504461;;3437 PH;combi_laagbouw_groen;KA1;E;PROCES
101000194653;PD216717;504461;;3641 SZ;combi_laagbouw_groen;KA1;E;PROCES
101000194682;PD216819;504461;;3791 VZ;combi_laagbouw_groen;KA1;E;PROCES
101000194715;PD216710;504461;;3811 ND;combi_laagbouw_groen;KA1;E;PROCES
101000194821;PD216825;504461;;3791 VZ;combi_laagbouw_groen;KA1;E;PROCES
101000194939;PD216999;504461;;3817 KV;combi_laagbouw_groen;KA1;E;PROCES
101000195052;PD217171;504461;;3421 TA;combi_laagbouw_groen;KA1;E;PROCES
101000195207;PD217226;504461;;3474 JH;combi_laagbouw_groen;KA1;E;PROCES
101000195232;PD217309;504461;;3743 AJ;combi_laagbouw_groen;KA1;E+G;PROCES
101000195533;PD217442;504461;;3812 RR;combi_laagbouw_groen;KA1;E;PROCES
101000195803;PD217665;504461;;3752 WV;combi_laagbouw_groen;KA1;E+G;PROCES
101000195813;PD217687;504461;;3448 TV;combi_laagbouw_groen;KA1;E;PROCES
101000195907;PD217713;504461;;3754 NC;combi_laagbouw_groen;KA1;E;PROCES
101000196282;PD218283;504461;;3437 PH;combi_laagbouw_groen;KA1;E;PROCES
101000196328;PD218080;504461;;3431 DA;combi_laagbouw_groen;KA1;E;PROCES
101000196330;PD218083;504461;;3811 BN;combi_laagbouw_groen;KA1;E;PROCES
101000196579;PD218483;504461;;3481 VA;combi_laagbouw_groen;KA1;E;PROCES
101000196856;PD218747;504461;;3451 ML;combi_laagbouw_groen;KA1;E;PROCES
101000197004;PD218661;504461;;3826 JA;combi_laagbouw_groen;KA1;E;PROCES
101000197019;PD218727;504461;;3402 BL;combi_laagbouw_groen;KA1;E;PROCES
101000197151;PD218995;504461;;3812 EA;combi_laagbouw_oranje;KA1;E;PROCES
101000197173;PD219066;504461;;3826 JC;combi_laagbouw_groen;KA1;E;PROCES
101000197384;PD219131;504461;;3816 AK;combi_laagbouw_groen;KA1;G;PROCES
101000197764;PD219660;504461;;3831 RZ;combi_laagbouw_groen;KA1;E;PROCES
101000197801;PD219491;504461;;3632 BT;combi_laagbouw_groen;KA1;G;PROCES
101000197926;PD219580;504461;;3824 MB;combi_laagbouw_groen;KA1;E+G;PROCES
101000197950;PD219654;504461;;3417 GS;combi_laagbouw_groen;KA1;E;PROCES
101000198097;PD220027;504461;;3826 JD;combi_laagbouw_groen;KA1;E;PROCES
101000198259;PD220007;504461;;3645 BB;combi_laagbouw_groen;KA1;E+G;PROCES
101000198319;PD220127;504461;;3471 EH;combi_laagbouw_groen;KA1;E;PROCES
101000198348;PD220244;504461;;3601 CG;combi_laagbouw_groen;KA1;E;PROCES
101000198395;PD220442;504461;;3603 AK;combi_laagbouw_groen;KA1;E+G;PROCES
101000198436;PD220292;504461;;3812 BD;combi_laagbouw_groen;KA1;E+G;PROCES
101000198489;PD220443;504461;;3815 AG;combi_laagbouw_groen;KA1;E+G;PROCES
101000198498;PD220463;504461;;3437 PH;combi_laagbouw_groen;KA1;E;PROCES
101000198502;PD220216;504461;;3825 AK;combi_laagbouw_groen;KA1;E;PROCES
101000198545;PD220363;504461;;3481 GJ;combi_laagbouw_groen;KA1;E+G;PROCES
101000198559;PD220405;504461;;3791 AB;combi_laagbouw_groen;KA1;E;PROCES
101000198764;PD220642;504461;;1393 NG;combi_laagbouw_groen;KA1;E;PROCES
101000198842;PD220679;504461;;3812 PN;combi_laagbouw_groen;KA1;E;PROCES
101000198899;PD220857;504461;;3435 BZ;combi_laagbouw_groen;KA1;E;PROCES
101000199175;PD221129;504461;;3417 XE;combi_laagbouw_groen;KA1;E;PROCES
101000199291;PD221302;504461;;3743 DG;combi_laagbouw_groen;KA1;E+G;PROCES
101000199316;PD221162;504461;;3632 VD;combi_laagbouw_groen;KA1;E;PROCES
101000199505;PD221357;504461;;3455 RN;combi_laagbouw_groen;KA1;E;PROCES
101000199543;PD221487;504461;;3641 SG;combi_laagbouw_groen;KA1;E;PROCES
101000199623;PD221509;504461;;3438 AM;combi_laagbouw_groen;KA1;E;PROCES
101000200014;PD221615;504461;;3449 HJ;combi_laagbouw_groen;KA1;E;PROCES
101000200116;PD221948;504461;;3833 GS;combi_laagbouw_groen;KA1;E;PROCES
101000200479;PD222428;504461;;3603 AV;combi_laagbouw_groen;KA1;E;PROCES
101000200517;PD222297;504461;;3743 BP;combi_laagbouw_groen;KA1;G;PROCES
101000201096;PD223090;504461;;3761 HA;combi_laagbouw_groen;KA1;E+G;PROCES
101000201277;PD223166;504461;;3621 AT;combi_laagbouw_groen;KA1;E;PROCES
101000201408;PD223217;504461;;3401 XA;combi_laagbouw_groen;KA1;E;PROCES
101000201477;PD223445;504461;;3742 AW;combi_laagbouw_groen;KA1;E;PROCES
101000201680;PD223630;504461;;3603 AV;combi_laagbouw_groen;KA1;E+G;PROCES
101000201759;PD223698;504461;;3433 KW;combi_laagbouw_groen;KA1;E;PROCES
101000201849;PD223767;504461;;3645 DX;combi_laagbouw_groen;KA1;G;PROCES
101000201878;PD223874;504461;;3438 LJ;combi_laagbouw_groen;KA1;E;PROCES
101000202056;PD224001;504461;;3828 PA;combi_laagbouw_oranje;KA1;E;PROCES
101000202205;PD223983;504461;;1231 LZ;combi_laagbouw_groen;KA1;E;PROCES
101000202382;PD224428;504461;;3752 HC;combi_laagbouw_groen;KA1;E+G;PROCES
101000202484;PD224542;504461;;3425 TD;combi_laagbouw_groen;KA1;E;PROCES
101000202606;PD224486;504461;;3755 SV;combi_laagbouw_groen;KA1;E;PROCES
101000202791;PD224868;504461;;3402 ZN;combi_laagbouw_groen;KA1;E;PROCES
101000202837;PD224720;504461;;3421 TR;combi_laagbouw_groen;KA1;E;PROCES
101000202884;PD224871;504461;;3833 BA;combi_laagbouw_groen;KA1;E+G;PROCES
101000202904;PD224802;504461;;3826 JC;combi_laagbouw_groen;KA1;E;PROCES
101000202959;PD224977;504461;;3791 RG;combi_laagbouw_groen;KA1;E;PROCES
101000202991;PD225090;504461;;3438 LC;combi_laagbouw_oranje;KA1;E;PROCES
101000203027;PD224999;504461;;3461 CN;combi_laagbouw_groen;KA1;E+G;PROCES
101000203145;PD225069;504461;;3411 NA;combi_laagbouw_groen;KA1;E+G;PROCES
101000203384;PD225539;504461;;3812 SL;COMBI;KA1;E+G;PROCES
101000203413;PD225289;504461;;3434 AM;combi_laagbouw_groen;KA1;E;PROCES
101000203460;PD225433;504461;;3449 JA;combi_laagbouw_groen;KA1;E+G;PROCES
101000203461;PD225439;504461;;3449 JA;combi_laagbouw_groen;KA1;G;PROCES
101000203511;PD225445;504461;;3833 GS;combi_laagbouw_groen;KA1;E;PROCES
101000203530;PD225522;504461;;3816 XH;combi_laagbouw_groen;KA1;E+G;PROCES
101000203641;PD225682;504461;;3812 LC;combi_laagbouw_groen;KA1;E;PROCES
101000203691;PD225834;504461;;3751 BK;combi_laagbouw_groen;KA1;E+G;PROCES
101000203698;PD225855;504461;;3833 GN;combi_laagbouw_groen;KA1;E;PROCES
101000203749;PD225770;504461;;3439 MR;combi_laagbouw_groen;KA1;E;PROCES
101000203772;PD225854;504461;;3451 DM;combi_laagbouw_groen;KA1;E;PROCES
101000203893;PD226031;504461;;3754 NA;combi_laagbouw_groen;KA1;E+G;PROCES
101000203950;PD226010;504461;;3645 DL;combi_laagbouw_groen;KA1;E+G;PROCES
101000203960;PD226056;504461;;3471 EE;combi_laagbouw_groen;KA1;E;PROCES
101000204029;PD226043;504461;;3812 AC;combi_laagbouw_groen;KA1;E;PROCES
101000204060;PD226132;504461;;3741 AE;combi_laagbouw_groen;KA1;E+G;PROCES
101000204096;PD226236;504461;;3411 AS;combi_laagbouw_groen;KA1;E+G;PROCES
101000204219;PD226272;504461;;3437 PV;combi_laagbouw_groen;KA1;E;PROCES
101000204415;PD226417;504461;;3811 JK;combi_laagbouw_groen;KA1;E;PROCES
101000204514;PD226548;504461;;3812 PP;combi_laagbouw_groen;KA1;E;PROCES
101000204921;PD226704;504461;;3825 LP;combi_laagbouw_groen;KA1;E;PROCES
101000204941;PD226754;504461;;3425 TD;combi_laagbouw_groen;KA1;E;PROCES
101000204948;PD226775;504461;;3621 BJ;combi_laagbouw_groen;KA1;E;PROCES
101000204971;PD226837;504461;;3764 DA;combi_laagbouw_groen;KA1;E+G;PROCES
101000205016;PD226989;504461;;3811 ER;combi_laagbouw_groen;KA1;E;PROCES
101000205100;PD226945;504461;;3411 ET;combi_laagbouw_groen;KA1;E;PROCES
101000205121;PD227016;504461;;3645 AX;combi_laagbouw_groen;KA1;E;PROCES
101000205219;PD226999;504461;;3811 ER;combi_laagbouw_groen;KA1;E;PROCES
101000205367;PD227465;504461;;3417 GL;combi_laagbouw_groen;KA1;E;PROCES
101000205374;PD227489;504461;;3791 RG;combi_laagbouw_groen;KA1;E;PROCES
101000205443;PD227375;504461;;3812 HE;combi_laagbouw_groen;KA1;E;PROCES
101000205461;PD227445;504461;;3461 CH;combi_laagbouw_groen;KA1;E+G;PROCES
101000205520;PD227313;504461;;3812 RW;combi_laagbouw_groen;KA1;E;PROCES
101000205558;PD227440;504461;;3417 GL;combi_laagbouw_groen;KA1;E;PROCES
101000206133;PD227772;504461;;3437 PH;combi_laagbouw_groen;KA1;E;PROCES
101000206175;PD227904;504461;;3769 JA;combi_laagbouw_groen;KA1;E+G;PROCES
101000206446;PD228134;504461;;3815 KN;combi_laagbouw_groen;KA1;E;PROCES
101000206624;PD228424;504461;;3432 DA;combi_laagbouw_groen;KA1;E;PROCES
101000206663;PD228550;504461;;3762 XX;combi_laagbouw_groen;KA1;E+G;PROCES
101000206688;PD228631;504461;;3628 AS;combi_laagbouw_groen;KA1;E+G;PROCES
101000206787;PD228553;504461;;3812 CG;combi_laagbouw_groen;KA1;E+G;PROCES
101000206790;PD228565;504461;;3743 AP;combi_laagbouw_groen;KA1;E+G;PROCES
101000206966;PD228840;504461;;3812 PW;combi_laagbouw_groen;KA1;E;PROCES
101000206972;PD228856;504461;;1231 KW;combi_laagbouw_groen;KA1;E;PROCES
101000206978;PD228875;504461;;3755 BD;combi_laagbouw_groen;KA1;E;PROCES
101000207068;PD228877;504461;;3752 LE;combi_laagbouw_groen;KA1;E+G;PROCES
101000207091;PD228929;504461;;3754 NC;combi_laagbouw_groen;KA1;E;PROCES
101000207108;PD228970;504461;;3417 MJ;combi_laagbouw_groen;KA1;E;PROCES
101000207171;PD229141;504461;;3421 GK;combi_laagbouw_groen;KA1;E+G;PROCES
101000207392;PD229223;504461;;3765 GB;combi_laagbouw_groen;KA1;E+G;PROCES
101000207400;PD229241;504461;;1231 LJ;combi_laagbouw_groen;KA1;E;PROCES
101000207402;PD229247;504461;;3768 MP;combi_laagbouw_groen;KA1;E;PROCES
101000207438;PD229356;504461;;1391 CL;combi_laagbouw_groen;KA1;E;PROCES
101000207478;PD229491;504461;;3437 PH;combi_laagbouw_groen;KA1;E;PROCES
101000207578;PD229504;504461;;3405 XD;combi_laagbouw_groen;KA1;E;PROCES
101000207619;PD229364;504461;;3816 LZ;combi_laagbouw_groen;KA1;E+G;PROCES
101000207621;PD229373;504461;;3825 LR;combi_laagbouw_groen;KA1;E;PROCES
101000207778;PD229818;504461;;3762 CS;combi_laagbouw_groen;KA1;E;PROCES
101000207846;PD229725;504461;;3825 JM;combi_laagbouw_groen;KA1;E;PROCES
101000207954;PD229820;504461;;3762 CS;combi_laagbouw_groen;KA1;E;PROCES
101000207992;PD230017;504461;;1231 NH;combi_laagbouw_groen;KA1;E;PROCES
101000208051;PD230063;504461;;3405 AH;combi_laagbouw_groen;KA1;E;PROCES
101000208073;PD230128;504461;;3813 LV;combi_laagbouw_groen;KA1;E;PROCES
101000208083;PD230154;504461;;3442 AD;combi_laagbouw_groen;KA1;E+G;PROCES
101000208136;PD230004;504461;;1231 NH;combi_laagbouw_groen;KA1;E;PROCES
101000208173;PD230129;504461;;3813 GA;combi_laagbouw_groen;KA1;E;PROCES
101000208196;PD230201;504461;;1231 NH;combi_laagbouw_groen;KA1;E;PROCES
101000208223;PD230109;504461;;3741 WC;combi_laagbouw_groen;KA1;E;PROCES
101000208231;PD230135;504461;;1231 LR;combi_laagbouw_groen;KA1;E;PROCES
101000208379;PD230460;504461;;3621 JM;combi_laagbouw_groen;KA1;E;PROCES
101000208449;PD230381;504461;;3415 NC;combi_laagbouw_groen;KA1;E;PROCES
101000208478;PD230473;504461;;3621 JP;combi_laagbouw_groen;KA1;E;PROCES
101000208523;PD230405;504461;;3825 AC;combi_laagbouw_groen;KA1;E;PROCES
101000208642;PD230649;504461;;3641 RV;combi_laagbouw_groen;KA1;E;PROCES
101000208742;PD230671;504461;;3752 XA;combi_laagbouw_groen;KA1;E;PROCES
101000208879;PD231074;504461;;3754 NJ;combi_laagbouw_groen;KA1;E+G;PROCES
101000208919;PD231008;504461;;3825 AG;combi_laagbouw_groen;KA1;E;PROCES
101000208998;PD231447;504461;;3421 BX;combi_laagbouw_groen;KA1;E+G;PROCES
101000209009;PD230970;504461;;3431 AW;combi_laagbouw_groen;KA1;E;PROCES
101000209051;PD231219;504461;;3435 SB;combi_laagbouw_groen;KA1;E;PROCES
101000209123;PD231250;504461;;3825 AK;combi_laagbouw_groen;KA1;E;PROCES
101000209335;PD231576;504461;;3825 AP;combi_laagbouw_groen;KA1;E;PROCES
101000209362;PD231672;504461;;3621 LV;combi_laagbouw_groen;KA1;E;PROCES
101000209392;PD231755;504461;;3752 XD;combi_laagbouw_groen;KA1;E+G;PROCES
101000209436;PD231752;504461;;3645 DM;combi_laagbouw_groen;KA1;E+G;PROCES
101000209484;PD231885;504461;;1231 LZ;combi_laagbouw_groen;KA1;E;PROCES
101000209641;PD231961;504461;;3766 AJ;combi_laagbouw_groen;KA1;E;PROCES
101000209657;PD232003;504461;;3405 CL;combi_laagbouw_groen;KA1;E;PROCES
101000209704;PD231949;504461;;3431 HA;combi_laagbouw_groen;KA1;E;PROCES
101000209789;PD232189;504461;;3433 ER;combi_laagbouw_groen;KA1;E;PROCES
101000209926;PD232222;504461;;3755 BD;combi_laagbouw_groen;KA1;E+G;PROCES
101000210155;PD232603;504461;;3766 EB;combi_laagbouw_groen;KA1;E;PROCES
101000210164;PD232626;504461;;3441 CC;COMBI;KA1;E+G;PROCES
101000210220;PD232557;504461;;3823 WT;combi_laagbouw_groen;KA1;E+G;PROCES
101000210283;PD232748;504461;;3825 AP;combi_laagbouw_groen;KA1;E;PROCES
101000210293;PD232780;504461;;3764 TR;combi_laagbouw_groen;KA1;E;PROCES
101000210409;PD232775;504461;;3461 GA;combi_laagbouw_groen;KA1;E;PROCES
101000210525;PD232893;504461;;3641 RV;combi_laagbouw_groen;KA1;G;PROCES
101000210574;PD233015;504461;;3621 JS;combi_laagbouw_groen;KA1;E;PROCES
101000210597;PD233110;504461;;3762 XX;combi_laagbouw_groen;KA1;E;PROCES
101000210642;PD233046;504461;;3425 TG;combi_laagbouw_groen;KA1;E;PROCES
101000210754;PD233281;504461;;3769 BS;combi_laagbouw_groen;KA1;E+G;PROCES
101000210864;PD233354;504461;;3752 AE;COMBI;KA1;E+G;PROCES
101000210917;PD233339;504461;;3752 AE;COMBI;KA1;E+G;PROCES
101000210992;PD233572;504461;;3825 HC;combi_laagbouw_groen;KA1;E;PROCES
101000211036;PD233575;504461;;1231 KW;combi_laagbouw_groen;KA1;E;PROCES
101000211047;PD233599;504461;;3405 AH;aanleg_laagbouw_groen;KA1;E;PROCES
101000211068;PD233679;504461;;3823 EG;combi_laagbouw_groen;KA1;E;PROCES
101000211150;PD233656;504461;;3743 BG;combi_laagbouw_groen;KA1;E;PROCES
101000211227;PD233683;504461;;3421 LC;combi_laagbouw_groen;KA1;E;PROCES
101000211246;PD233749;504461;;3641 CT;combi_laagbouw_groen;KA1;E;PROCES
101000211249;PD233758;504461;;3417 GS;combi_laagbouw_groen;KA1;E;PROCES
101000211315;PD233813;504461;;3645 AK;combi_laagbouw_groen;KA1;E;PROCES
101000211354;PD233907;504461;;3791 PL;combi_laagbouw_groen;KA1;E;PROCES
101000211409;PD233852;504461;;3425 TH;combi_laagbouw_groen;KA1;E;PROCES
101000211449;PD233992;504461;;3401 MZ;COMBI;KA1;E;PROCES
101000211524;PD234019;504461;;3741 SL;combi_laagbouw_groen;KA1;E;PROCES
101000211900;PD234278;504461;;3791 VZ;combi_laagbouw_groen;KA1;E;PROCES
101000211984;PD234528;504461;;3813 SB;combi_laagbouw_groen;KA1;E;PROCES
101000212066;PD234536;504461;;3471 GZ;combi_laagbouw_groen;KA1;E;PROCES
101000212084;PD234605;504461;;1231 KD;combi_laagbouw_groen;KA1;E;PROCES
101000212139;PD234388;504461;;3825 AZ;combi_laagbouw_groen;KA1;E;PROCES
101000212144;PD234399;504461;;3441 EH;combi_laagbouw_groen;KA1;E+G;PROCES
101000212171;PD234490;504461;;3402 EA;combi_laagbouw_groen;KA1;E+G;PROCES
101000212222;PD234632;504461;;3762 DK;combi_laagbouw_groen;KA1;E+G;PROCES
101000212370;PD234791;504461;;3825 AK;combi_laagbouw_groen;KA1;E;PROCES
101000212552;PD235074;504461;;3471 EA;combi_laagbouw_groen;KA1;E+G;PROCES
101000212582;PD235187;504461;;3824 HC;combi_laagbouw_groen;KA1;E;PROCES
101000212653;PD235069;504461;;3603 AX;combi_laagbouw_groen;KA1;E+G;PROCES
101000212697;PD235185;504461;;3824 HB;combi_laagbouw_groen;KA1;E;PROCES
101000212858;PD235367;504461;;3431 GN;combi_laagbouw_groen;KA1;E;PROCES
101000213112;PD235540;504461;;3833 BA;combi_laagbouw_groen;KA1;E;PROCES
101000213387;PD235913;504461;;3832 GE;combi_laagbouw_groen;KA1;E;PROCES
101000213392;PD235921;504461;;3632 JA;combi_laagbouw_groen;KA1;E;PROCES
101000213414;PD235817;504461;;3648 AH;combi_laagbouw_groen;KA1;G;PROCES
101000213511;PD235872;504461;;3431 JS;combi_laagbouw_groen;KA1;E;PROCES
101000213557;PD236042;504461;;3626 AS;combi_laagbouw_groen;KA1;E;PROCES
101000213723;PD236170;504461;;3823 EG;combi_laagbouw_groen;KA1;E;PROCES
101000213810;PD236229;504461;;3401 NR;combi_laagbouw_groen;KA1;E+G;PROCES
101000213833;PD236292;504461;;3826 JC;combi_laagbouw_groen;KA1;E;PROCES
101000213887;PD236487;504461;;3742 CK;combi_laagbouw_groen;KA1;E;PROCES
101000213989;PD236583;504461;;3621 ZB;COMBI;KA1;E;PROCES
101000214089;PD236632;504461;;3481 VB;combi_laagbouw_groen;KA1;E+G;PROCES
101000214132;PD236640;504461;;3762 TA;COMBI;KA1;E+G;PROCES
101000214140;PD236662;504461;;3825 AL;combi_laagbouw_groen;KA1;E;PROCES
101000214185;PD236808;504461;;3625 AH;COMBI;KA1;E;PROCES
101000214209;PD236659;504461;;3831 JP;combi_laagbouw_groen;KA1;E;PROCES
101000214256;PD236813;504461;;3625 AH;COMBI;KA1;E;PROCES
101000214312;PD236694;504461;;3641 RZ;COMBI;KA1;E;PROCES
101000214532;PD237036;504461;;3769 AD;combi_laagbouw_groen;KA1;E;PROCES
101000214833;PD237344;504461;;3633 EL;COMBI;KA1;E;PROCES
101000214929;PD237430;504461;;3812 RE;COMBI;KA1;E;PROCES
101000214898;PD237552;504461;;3633 XX;COMBI;KA1;E;PROCES
101000215154;PD237717;504461;;3814 XH;COMBI;KA1;E;PROCES
101000215170;PD237742;504461;;3603 BM;COMBI;KA1;E;PROCES
101000215233;PD237753;504461;;3826 JD;COMBI;KA1;E;PROCES
101000215235;PD237756;504461;;3603 BM;COMBI;KA1;E;PROCES
101000215060;PD237759;504461;;3603 BM;COMBI;KA1;E;PROCES
101000215239;PD237762;504461;;3826 KA;COMBI;KA1;E;PROCES
101000215065;PD237771;504461;;3603 BM;COMBI;KA1;E;PROCES
